AOIO01000049.1	GCF_000337555.1:NZ_AOIO01000049.1:2:crt27	39	1	39	8.16e-11	AATCAGTAGGTGGCAATCCAATCACTCCCACACTGGGGA	AATCAGTAGGTGGCAATCCAATCACTCCCACACTGGGGA	101751	55551	55589	73.1	39	plus	39	39
AOIO01000049.1	GCF_000337555.1:NZ_AOIO01000049.1:2:crt25	37	1	37	1.06e-09	AATACCTCGGCAAGTACCTGAGCGCGATATACGGCGG	AATACCTCGGCAAGTACCTGAGCGCGATATACGGCGG	101751	55405	55441	69.4	37	plus	37	37
AOIO01000049.1	GCF_000337555.1:NZ_AOIO01000049.1:2:crt19	37	1	37	1.06e-09	ACCACCGAGTCAATCAACGACGTGCCGCCGGCCACTG	ACCACCGAGTCAATCAACGACGTGCCGCCGGCCACTG	101751	54971	55007	69.4	37	plus	37	37
AOIO01000049.1	GCF_000337555.1:NZ_AOIO01000049.1:2:crt15	37	1	37	1.06e-09	AGAACGTGTTGCCCGACGCATCAATGTCGTCAGTCAG	AGAACGTGTTGCCCGACGCATCAATGTCGTCAGTCAG	101751	54681	54717	69.4	37	plus	37	37
AOIO01000049.1	GCF_000337555.1:NZ_AOIO01000049.1:2:crt13	37	1	37	1.06e-09	AGAACTGGGGAGCCACTTTCGCCCCGCCCGCGCCGAT	AGAACTGGGGAGCCACTTTCGCCCCGCCCGCGCCGAT	101751	54534	54570	69.4	37	plus	37	37
AOIO01000049.1	GCF_000337555.1:NZ_AOIO01000049.1:2:crt8	37	1	37	1.06e-09	CTTGTCCCCGCTGTGCAGGTCACCATGGAGGGCATGT	CTTGTCCCCGCTGTGCAGGTCACCATGGAGGGCATGT	101751	54170	54206	69.4	37	plus	37	37
AOIO01000049.1	GCF_000337555.1:NZ_AOIO01000049.1:2:crt3	37	1	37	1.06e-09	AACCGGAACCGGCGGACTGCCGTCACTGCGACCGGAA	AACCGGAACCGGCGGACTGCCGTCACTGCGACCGGAA	101751	53806	53842	69.4	37	plus	37	37
AOIO01000049.1	GCF_000337555.1:NZ_AOIO01000049.1:2:crt2	37	1	37	1.06e-09	GATTCGACCGTCGGCTCGTTATGATTCGCGAACGGAT	GATTCGACCGTCGGCTCGTTATGATTCGCGAACGGAT	101751	53732	53768	69.4	37	plus	37	37
AOIO01000049.1	GCF_000337555.1:NZ_AOIO01000049.1:1:crt3	37	1	37	1.06e-09	TCGATGCTGCGGATGGAACCGAACAACAACTCGCTTT	TCGATGCTGCGGATGGAACCGAACAACAACTCGCTTT	101751	41932	41968	69.4	37	plus	37	37
AOIO01000049.1	GCF_000337555.1:NZ_AOIO01000049.1:1:crt2	37	1	37	1.06e-09	TCGACCTTTCCGACCAGGCTCCTTCGGGCGCGTCGGT	TCGACCTTTCCGACCAGGCTCCTTCGGGCGCGTCGGT	101751	41858	41894	69.4	37	plus	37	37
AOIO01000049.1	GCF_000337555.1:NZ_AOIO01000049.1:2:crt23	36	1	36	3.80e-09	TTTGAGGGCCTGTTTCGGGCACTTGACCTTAATGTG	TTTGAGGGCCTGTTTCGGGCACTTGACCTTAATGTG	101751	55263	55298	67.6	36	plus	36	36
AOIO01000049.1	GCF_000337555.1:NZ_AOIO01000049.1:2:crt21	36	1	36	3.80e-09	TTCCGTGTTAAGCGATACCTAAACTTAGTTCCTCCG	TTCCGTGTTAAGCGATACCTAAACTTAGTTCCTCCG	101751	55118	55153	67.6	36	plus	36	36
AOIO01000049.1	GCF_000337555.1:NZ_AOIO01000049.1:2:crt20	36	1	36	3.80e-09	CGTCGTCGTCTGTTTCTCCGGTCTGTCCCTCGTCGT	CGTCGTCGTCTGTTTCTCCGGTCTGTCCCTCGTCGT	101751	55045	55080	67.6	36	plus	36	36
AOIO01000049.1	GCF_000337555.1:NZ_AOIO01000049.1:2:crt17	36	1	36	3.80e-09	CGGGCGCGATCTACGAACTGACTGAGGACCAGTTTG	CGGGCGCGATCTACGAACTGACTGAGGACCAGTTTG	101751	54828	54863	67.6	36	plus	36	36
AOIO01000049.1	GCF_000337555.1:NZ_AOIO01000049.1:2:crt16	36	1	36	3.80e-09	ACTACGTGACGAGCGTGATCGACGACAAGCGCGCCG	ACTACGTGACGAGCGTGATCGACGACAAGCGCGCCG	101751	54755	54790	67.6	36	plus	36	36
AOIO01000049.1	GCF_000337555.1:NZ_AOIO01000049.1:2:crt14	36	1	36	3.80e-09	AGCACCGAGAGCACGGTTTCATCGAGTTGTCGAACC	AGCACCGAGAGCACGGTTTCATCGAGTTGTCGAACC	101751	54608	54643	67.6	36	plus	36	36
AOIO01000049.1	GCF_000337555.1:NZ_AOIO01000049.1:2:crt12	36	1	36	3.80e-09	ACGCTTTTACGTCGCTTAGCTCAGGCTGAATGTCTC	ACGCTTTTACGTCGCTTAGCTCAGGCTGAATGTCTC	101751	54461	54496	67.6	36	plus	36	36
AOIO01000049.1	GCF_000337555.1:NZ_AOIO01000049.1:2:crt10	36	1	36	3.80e-09	ATAAGTACCGAGAGACGCCACTCCCCGATAACCTCG	ATAAGTACCGAGAGACGCCACTCCCCGATAACCTCG	101751	54317	54352	67.6	36	plus	36	36
AOIO01000049.1	GCF_000337555.1:NZ_AOIO01000049.1:2:crt9	36	1	36	3.80e-09	ACTGCGAAGGGGAAGCAGTCGGTGATCGGGCTCGAG	ACTGCGAAGGGGAAGCAGTCGGTGATCGGGCTCGAG	101751	54244	54279	67.6	36	plus	36	36
AOIO01000049.1	GCF_000337555.1:NZ_AOIO01000049.1:2:crt7	36	1	36	3.80e-09	AATCAAATGTCCGAATTGTGGGAACGTAGCTGTCTG	AATCAAATGTCCGAATTGTGGGAACGTAGCTGTCTG	101751	54097	54132	67.6	36	plus	36	36
AOIO01000049.1	GCF_000337555.1:NZ_AOIO01000049.1:2:crt5	36	1	36	3.80e-09	AGACGGCAACTCGAGCGCGAACTCGGAGACCATTTC	AGACGGCAACTCGAGCGCGAACTCGGAGACCATTTC	101751	53953	53988	67.6	36	plus	36	36
AOIO01000049.1	GCF_000337555.1:NZ_AOIO01000049.1:2:crt4	36	1	36	3.80e-09	GAGGATATGATGCTCGGAATCGACTGCACGAAATGC	GAGGATATGATGCTCGGAATCGACTGCACGAAATGC	101751	53880	53915	67.6	36	plus	36	36
AOIO01000049.1	GCF_000337555.1:NZ_AOIO01000049.1:1:crt12	36	1	36	3.80e-09	CGAACCCGTCACCGCCGCCGAGTCCGAACCCGTCTC	CGAACCCGTCACCGCCGCCGAGTCCGAACCCGTCTC	101751	42584	42619	67.6	36	plus	36	36
AOIO01000049.1	GCF_000337555.1:NZ_AOIO01000049.1:1:crt11	36	1	36	3.80e-09	CCTTCGCCGCGGATTTCGGCGAGGGCCTGTTCGATC	CCTTCGCCGCGGATTTCGGCGAGGGCCTGTTCGATC	101751	42511	42546	67.6	36	plus	36	36
AOIO01000049.1	GCF_000337555.1:NZ_AOIO01000049.1:1:crt10	36	1	36	3.80e-09	GGGCACAACAACCCGGCAGTCGTCCTGGCGATCGTC	GGGCACAACAACCCGGCAGTCGTCCTGGCGATCGTC	101751	42438	42473	67.6	36	plus	36	36
AOIO01000049.1	GCF_000337555.1:NZ_AOIO01000049.1:1:crt9	36	1	36	3.80e-09	ACCGTGGAAGTTGAACTTATCATTGCGCGTCTTATA	ACCGTGGAAGTTGAACTTATCATTGCGCGTCTTATA	101751	42365	42400	67.6	36	plus	36	36
AOIO01000049.1	GCF_000337555.1:NZ_AOIO01000049.1:2:crt28	35	1	35	1.37e-08	GAGACTATCGCCCGATCGGAAACGGCGTCCGTCCT	GAGACTATCGCCCGATCGGAAACGGCGTCCGTCCT	101751	55627	55661	65.8	35	plus	35	35
AOIO01000049.1	GCF_000337555.1:NZ_AOIO01000049.1:2:crt26	35	1	35	1.37e-08	TGCGCCACCGCCAGATTCGCTGTTAGACTCGTCTT	TGCGCCACCGCCAGATTCGCTGTTAGACTCGTCTT	101751	55479	55513	65.8	35	plus	35	35
AOIO01000049.1	GCF_000337555.1:NZ_AOIO01000049.1:2:crt22	35	1	35	1.37e-08	CTTGGAGTTGTTTGCTTTCTAGTGATTATCATAAT	CTTGGAGTTGTTTGCTTTCTAGTGATTATCATAAT	101751	55191	55225	65.8	35	plus	35	35
AOIO01000049.1	GCF_000337555.1:NZ_AOIO01000049.1:2:crt1	35	1	35	1.37e-08	CTCTCTGATCCGGATTCCTGGTAAGCGATCGAGAT	CTCTCTGATCCGGATTCCTGGTAAGCGATCGAGAT	101751	53660	53694	65.8	35	plus	35	35
AOIO01000049.1	GCF_000337555.1:NZ_AOIO01000049.1:1:crt7	35	1	35	1.37e-08	GATATAGTGGTACGGTTCGAGGGATTCGACCTCAT	GATATAGTGGTACGGTTCGAGGGATTCGACCTCAT	101751	42222	42256	65.8	35	plus	35	35
AOIO01000049.1	GCF_000337555.1:NZ_AOIO01000049.1:1:crt6	35	1	35	1.37e-08	CCGACCGGAGACCCGCCAGAGATAGCGATAGCGGA	CCGACCGGAGACCCGCCAGAGATAGCGATAGCGGA	101751	42150	42184	65.8	35	plus	35	35
AOIO01000049.1	GCF_000337555.1:NZ_AOIO01000049.1:1:crt5	35	1	35	1.37e-08	CTTGTAATCTGAACCTTCTTCCCACGAGTCCTTGC	CTTGTAATCTGAACCTTCTTCCCACGAGTCCTTGC	101751	42078	42112	65.8	35	plus	35	35
AOIO01000049.1	GCF_000337555.1:NZ_AOIO01000049.1:1:crt4	35	1	35	1.37e-08	TCCCGGTTCTATGACAACTGCACCAATATCACCAT	TCCCGGTTCTATGACAACTGCACCAATATCACCAT	101751	42006	42040	65.8	35	plus	35	35
AOIO01000049.1	GCF_000337555.1:NZ_AOIO01000049.1:2:crt11	34	1	34	4.91e-08	AAGAGCAGGGCCGAAGGGACCGATCTAGAAGTCC	AAGAGCAGGGCCGAAGGGACCGATCTAGAAGTCC	101751	54390	54423	63.9	34	plus	34	34
AOIO01000049.1	GCF_000337555.1:NZ_AOIO01000049.1:2:crt6	34	1	34	4.91e-08	AGAAACGGCTTCGTTGCATTTCTGGATCGATTCG	AGAAACGGCTTCGTTGCATTTCTGGATCGATTCG	101751	54026	54059	63.9	34	plus	34	34
AOIO01000049.1	GCF_000337555.1:NZ_AOIO01000049.1:1:crt8	34	1	34	4.91e-08	CAATGAGCACGAGCAACCGCCTCGGAGATCTAAT	CAATGAGCACGAGCAACCGCCTCGGAGATCTAAT	101751	42294	42327	63.9	34	plus	34	34
AOIO01000049.1	GCF_000337555.1:NZ_AOIO01000049.1:1:crt1	34	1	34	4.91e-08	CGAACTGCTCGACGATGCTGGTCGGGCACTATCT	CGAACTGCTCGACGATGCTGGTCGGGCACTATCT	101751	41787	41820	63.9	34	plus	34	34
AOIO01000049.1	GCF_000337555.1:NZ_AOIO01000049.1:2:crt18	33	1	33	1.77e-07	ATCAATAAGAACTGGAACCGGTTCATGTCGTGG	ATCAATAAGAACTGGAACCGGTTCATGTCGTGG	101751	54901	54933	62.1	33	plus	33	33
AOIO01000049.1	GCF_000337555.1:NZ_AOIO01000049.1:2:crt24	32	1	32	6.35e-07	AGTCAGTCGGGATGGACACGATAGAAAGCAAC	AGTCAGTCGGGATGGACACGATAGAAAGCAAC	101751	55336	55367	60.2	32	plus	32	32
AOIO01000049.1	2554235484:AOIJ01000030:1:136722	41	1	31	0.005	TCGAGCGCGATCCCCACGCCGTCGGCGGCCA	TCGAGCGCGATCCCAGCGCCGTCGGCGGCCA	101751	59988	60018	47.3	25	plus	29	29
AOIO01000049.1	GCF_000337175.1:NZ_AOIJ01000030.1:1:crt20	35	1	31	0.005	TCGAGCGCGATCCCCACGCCGTCGGCGGCCA	TCGAGCGCGATCCCAGCGCCGTCGGCGGCCA	101751	59988	60018	47.3	25	plus	29	29
AOIO01000049.1	637000187:NC_007428:1:1	69	35	10	0.064	TAATGTTTCAATCCCGATCTGGGTTT	TAATGTTTCAATCCCGTTCTGGGTTT	101751	42324	42349	43.6	23	minus	25	25
AOIO01000049.1	637000187:NC_007428:1:1	69	43	10	0.23	ATTCGACCTCATGTTTCAATCCCGATCTGGGTTT	ATTCGCCGTAATGTTTCAATCCCGTTCTGGGTTT	101751	42245	42278	41.7	22	minus	30	30
AOIO01000049.1	637000187:NC_007428:1:1	69	10	37	0.23	AAACCCAGGACGGGATTGAAACACTACG	AAACCCAGAACGGGATTGAAACATTACG	101751	54733	54760	41.7	22	plus	26	26
AOIO01000049.1	637000187:NC_007428:1:1	69	10	36	0.83	AAACCCAGGACGGGATTGAAACAATAC	AAACCCAGAACGGGATTGAAACATTAC	101751	55383	55409	39.9	21	plus	25	25
AOIO01000049.1	637000187:NC_007428:1:1	69	10	33	0.83	AAACCCAGGACGGGATTGAAACAT	AAACCCAGAACGGGATTGAAACAT	101751	54295	54318	39.9	21	plus	23	23
AOIO01000049.1	637000187:NC_007428:1:1	69	10	33	0.83	AAACCCAGGACGGGATTGAAACAT	AAACCCAGAACGGGATTGAAACAT	101751	54879	54902	39.9	21	plus	23	23
AOIO01000049.1	637000187:NC_007428:1:1	69	33	10	0.83	ATGTTTCAATCCCGATCTGGGTTT	ATGTTTCAATCCCGTTCTGGGTTT	101751	42039	42062	39.9	21	minus	23	23
AOIO01000049.1	637000187:NC_007428:1:1	69	10	39	3.0	AAACCCAGGACGGGATTGAAACAG-ACGGC	AAACCCAGAACGGGATTGAAACATTACGGC	101751	53931	53959	38.1	20	plus	27	27
AOIO01000049.1	637000187:NC_007428:1:1	69	10	32	3.0	AAACCCAGGACGGGATTGAAACA	AAACCCAGAACGGGATTGAAACA	101751	53784	53806	38.1	20	plus	22	22
AOIO01000049.1	637000187:NC_007428:1:1	69	10	32	3.0	AAACCCAGGACGGGATTGAAACA	AAACCCAGAACGGGATTGAAACA	101751	54004	54026	38.1	20	plus	22	22
AOIO01000049.1	637000187:NC_007428:1:1	69	10	32	3.0	AAACCCAGGACGGGATTGAAACA	AAACCCAGAACGGGATTGAAACA	101751	54075	54097	38.1	20	plus	22	22
AOIO01000049.1	637000187:NC_007428:1:1	69	10	32	3.0	AAACCCAGGACGGGATTGAAACA	AAACCCAGAACGGGATTGAAACA	101751	54222	54244	38.1	20	plus	22	22
AOIO01000049.1	637000187:NC_007428:1:1	69	10	32	3.0	AAACCCAGGACGGGATTGAAACA	AAACCCAGAACGGGATTGAAACA	101751	54368	54390	38.1	20	plus	22	22
AOIO01000049.1	637000187:NC_007428:1:1	69	10	32	3.0	AAACCCAGGACGGGATTGAAACA	AAACCCAGAACGGGATTGAAACA	101751	54439	54461	38.1	20	plus	22	22
AOIO01000049.1	637000187:NC_007428:1:1	69	10	32	3.0	AAACCCAGGACGGGATTGAAACA	AAACCCAGAACGGGATTGAAACA	101751	54512	54534	38.1	20	plus	22	22
AOIO01000049.1	637000187:NC_007428:1:1	69	10	32	3.0	AAACCCAGGACGGGATTGAAACA	AAACCCAGAACGGGATTGAAACA	101751	54586	54608	38.1	20	plus	22	22
AOIO01000049.1	637000187:NC_007428:1:1	69	10	32	3.0	AAACCCAGGACGGGATTGAAACA	AAACCCAGAACGGGATTGAAACA	101751	54659	54681	38.1	20	plus	22	22
AOIO01000049.1	637000187:NC_007428:1:1	69	10	32	3.0	AAACCCAGGACGGGATTGAAACA	AAACCCAGAACGGGATTGAAACA	101751	54949	54971	38.1	20	plus	22	22
AOIO01000049.1	637000187:NC_007428:1:1	69	10	32	3.0	AAACCCAGGACGGGATTGAAACA	AAACCCAGAACGGGATTGAAACA	101751	55314	55336	38.1	20	plus	22	22
AOIO01000049.1	637000187:NC_007428:1:1	69	32	10	3.0	TGTTTCAATCCCGATCTGGGTTT	TGTTTCAATCCCGTTCTGGGTTT	101751	41968	41990	38.1	20	minus	22	22
AOIO01000049.1	637000187:NC_007428:1:1	69	32	10	3.0	TGTTTCAATCCCGATCTGGGTTT	TGTTTCAATCCCGTTCTGGGTTT	101751	41894	41916	38.1	20	minus	22	22
AOIO01000049.1	GCF_000503895.1:NC_022997.1:2:crt14	34	29	4	0.064	GTCCGCATCGTCACCGCCGAAGAAGT	GTCCGCATCGTCACCGCCGAAGACGT	101751	15313	15338	43.6	23	minus	25	25
AOIO01000049.1	GCA_014647515.1:BMPI01000002.1:1:crt2	54	2	35	0.23	CGCCACGATCGCCGCGG-CGTAGTCGCCCGAACGG	CGCCACGATCGCCGCGGTCGTCG-CGCCGGAACGG	101751	16555	16588	41.7	22	plus	31	31
AOIO01000049.1	GCA_005804885.1:SYOX01000136.1:1:crt18	35	7	31	0.23	TTGGTCGCATCCTCGAGGACCGCGA	TTGGACGCATCCTCGAGGACCGCGA	101751	40777	40801	41.7	22	plus	24	24
AOIO01000049.1	GCF_003781945.1:NZ_RJJW01000005.1:2:pilercr51	37	34	8	0.23	CCGCTCGCTCTTCGAGACGTCGAGTTCGA	CCGCTCGCTCTTCGAGA-G-CGAGTTCGA	101751	42917	42945	41.7	22	minus	27	27
AOIO01000049.1	GCF_003781945.1:NZ_RJJW01000005.1:2:crt51	36	34	8	0.23	CCGCTCGCTCTTCGAGACGTCGAGTTCGA	CCGCTCGCTCTTCGAGA-G-CGAGTTCGA	101751	42917	42945	41.7	22	minus	27	27
AOIO01000049.1	2914868299:Ga0398359_07:1:950354	36	36	1	0.83	CGCCCCGGCAATTGAGGAAACCAACGCCTATCTGCT	CGCCCCGGCGATCGAGGAGACCAACGCCTACCTCCT	101751	96755	96790	39.9	21	minus	31	31
AOIO01000049.1	GCF_000235425.2:NZ_KI912266.1:2:crt74	33	4	27	0.83	ATCGTGATCGCGATCGTCGCGCTG	ATCGTGCTCGCGATCGTCGCGCTG	101751	5499	5522	39.9	21	plus	23	23
AOIO01000049.1	GCF_001005215.1:NZ_LBNQ01000033.1:3:pilercr48	33	11	31	0.83	ACAACCGCCAGCAGGCGAAGC	ACAACCGCCAGCAGGCGAAGC	101751	95209	95229	39.9	21	plus	21	21
AOIO01000049.1	GCF_001005215.1:NZ_LBNQ01000033.1:2:crt67	32	10	30	0.83	ACAACCGCCAGCAGGCGAAGC	ACAACCGCCAGCAGGCGAAGC	101751	95209	95229	39.9	21	plus	21	21
AOIO01000049.1	GCA_008501585.1:QQUN01000054.1:2:pilercr26	33	28	8	0.83	TTTCGGCCGGGCCGTCGCGCT	TTTCGGCCGGGCCGTCGCGCT	101751	17322	17342	39.9	21	minus	21	21
AOIO01000049.1	GCA_008501585.1:QQUN01000054.1:1:crt46	32	27	7	0.83	TTTCGGCCGGGCCGTCGCGCT	TTTCGGCCGGGCCGTCGCGCT	101751	17322	17342	39.9	21	minus	21	21
AOIO01000049.1	GCF_000455345.1:NZ_HG315691.1:1:crt6	54	54	31	0.83	AGGACGGGATTGAAACAGTCAGTCG	AGGACGGGATTGAAACAGTCA-TCG	101751	55320	55344	39.9	21	minus	24	24
AOIO01000049.1	GCF_900101335.1:NZ_FNKA01000001.1:1:crt35	33	9	29	0.83	CGGCGATGCGGCCGAAGGCGA	CGGCGATGCGGCCGAAGGCGA	101751	11771	11791	39.9	21	plus	21	21
AOIO01000049.1	GCF_000016665.1:NC_009523.1:5:crt97	35	35	5	0.83	GCATCCAGAACTTGAGGACTGG--GAAAGCG	GCATCAAGAACTTGAGGACTGGACGAAAGCG	101751	73155	73183	39.9	21	minus	28	28
AOIO01000049.1	GCA_009937615.1:JAACFB010000001.1:1:crt1	82	47	21	0.83	CTCGA-GACGACGTACACCGACGCGGAC	CTCGAGGACGACG-ACACCGACGCGGAC	101751	6572	6598	39.9	21	minus	26	26
AOIO01000049.1	3300009826_39:3300009826.a:Ga0123355_10000658:2:pilercr3	33	29	10	3.0	GCGAGCATCGAAATCGAACG	GCGAGCATCGAAATCGAACG	101751	76660	76679	38.1	20	minus	20	20
AOIO01000049.1	2522572156:G531DRAFT_scaffold00031.31:1:4	41	8	33	3.0	CGACCTCGACGCCGCTCGCGACCGGCG	CGACCTCGACGCCGCTCACGAC-GGCG	101751	9884	9910	38.1	20	plus	25	25
AOIO01000049.1	2513237122:YWYDRAFT_scaffold_1.2:2:25388	33	24	5	3.0	CGCTCGCCGACGCCTACGAG	CGCTCGCCGACGCCTACGAG	101751	875	894	38.1	20	minus	20	20
AOIO01000049.1	3300013739_3:3300013739.a:Ga0121002_100045:1:pilercr21	45	19	38	3.0	CAATCCGAAAATTAAATTCT	CAATCCGAAAATTAAATTCT	101751	68448	68467	38.1	20	plus	20	20
AOIO01000049.1	3300013739_3:3300013739.a:Ga0121002_100045:1:crt21	47	21	40	3.0	CAATCCGAAAATTAAATTCT	CAATCCGAAAATTAAATTCT	101751	68448	68467	38.1	20	plus	20	20
AOIO01000049.1	3300008634_14:3300008634.a:Ga0111369_1000250:1:crt12	38	25	3	3.0	ACTTGCTCACGTCTTTATCAGTA	ACTTGCTCACATCTTTATCAGTA	101751	22467	22489	38.1	20	minus	22	22
AOIO01000049.1	3300029120_25:3300029120.a:Ga0168814_100059:1:crt17	35	33	4	3.0	CGAGCGCCGTGGCGACCA-GTCGATCACCG	CGAGCGCCGTGGCGACCGCGTTGATCACCG	101751	86583	86611	38.1	20	minus	27	27
AOIO01000049.1	3300029572_16:3300029572.a:Ga0244925_100255:1:crt15	88	50	10	3.0	CAGTTACAGCACGGAGATACAGACACGG-TACGAGATATTGAC	CAGATACAG-ACACAGATACAGACACGGATAC-AGATACTGAC	101751	8546	8587	38.1	20	minus	36	36
AOIO01000049.1	3300012110_2:3300012110.a:Ga0136593_1000668:1:crt25	38	10	38	3.0	AACGCGAAGAATCCGAACGGCTACTGCGT	AACGCGAGCAACCCGAACGGCTACTGCGT	101751	85578	85606	38.1	20	plus	26	26
AOIO01000049.1	2841058919:Ga0398431_01:3:284060	37	25	6	3.0	GCGTGTGCGATGCCGGTGAG	GCGTGTGCGATGCCGGTGAG	101751	63115	63134	38.1	20	minus	20	20
AOIO01000049.1	GCF_002592005.1:NZ_NVQF01000022.1:1:crt5	53	6	44	3.0	GTCGCGTGGTGCTCTTCGAA-CGGG-TCGGAGAGTTCGTT	GTC-CGTGGTGCCCTCCGGATCGGGATCGGAGAGTTCGTT	101751	49949	49986	38.1	20	plus	34	34
AOIO01000049.1	GCF_006496635.1:NZ_CP022958.1:1:crt13	35	30	8	3.0	GTCGAGGAACAAGTGGATCAACC	GTCGATGAACAAGTGGATCAACC	101751	27732	27754	38.1	20	minus	22	22
AOIO01000049.1	GCA_002699025.1:PABA01000163.1:1:crt1	38	38	13	3.0	GGATGGTCGACGAGGGCGCGAGCGTCG	GGA-GGTCGCCGAGGGCGCGAGCGTCG	101751	7191	7217	38.1	20	minus	25	25
AOIO01000049.1	GCA_002699025.1:PABA01000155.1:2:crt164	41	1	40	3.0	GGTGCCGACGACGCGGCCGA-C-CTGGAAGACCGC-GCCG	GGAGCCGACGACGCGGCCGAGCGCTTGAAGACGGCCGCCG	101751	98135	98171	38.1	20	plus	34	34
AOIO01000049.1	GCF_010723575.1:NZ_BLKZ01000001.1:3:crt5	47	15	40	3.0	GAAGAGGCCGACGTTGTCGCTGCCGG	GAACAGGCCGACGTTGCCGCTGCCGG	101751	18240	18265	38.1	20	plus	24	24
AOIO01000049.1	GCF_001650695.1:NZ_LWQS01000071.1:1:crt17	37	5	31	3.0	TGGGGT-GCCGTCGCCGTCGGCGGCAC	TGGCGTCGCCGTCGCCGTCGGCGGCAC	101751	83762	83787	38.1	20	plus	25	25
AOIO01000049.1	GCF_001514535.1:NZ_BCNO01000002.1:2:pilercr15	44	25	44	3.0	GAGATGTGTATAAGAGACAG	GAGATGTGTATAAGAGACAG	101751	7	26	38.1	20	plus	20	20
AOIO01000049.1	GCF_000245055.1:NZ_JH600068.1:2:crt34	34	1	27	3.0	GTCTCCCCCGAGA-GCACGCCGAAGAG	GTCTCCCCCGAGACGGACGCCGAAGAG	101751	14731	14756	38.1	20	plus	25	25
AOIO01000049.1	GCF_000337575.1:NZ_AOIM01000026.1:2:crt51	35	2	27	3.0	TCGCGCTCGATGCCGTAGCGTTCCAT	TCGCGCTCGATACCGTATCGTTCCAT	101751	22600	22625	38.1	20	plus	24	24
AOIO01000049.1	GCF_002086275.1:NZ_MVHT01000166.1:1:crt3	41	20	1	3.0	GCCGACGTTGTCGCTGCCGG	GCCGACGTTGTCGCTGCCGG	101751	18246	18265	38.1	20	minus	20	20
AOIO01000049.1	GCA_014647115.1:BMOO01000003.1:1:crt51	36	26	7	3.0	TCCTCGTCGAGCGCGTCGAG	TCCTCGTCGAGCGCGTCGAG	101751	50102	50121	38.1	20	minus	20	20
AOIO01000049.1	GCF_000455345.1:NZ_HG315691.1:1:crt13	54	54	35	3.0	AGGACGGGATTGAAACAATC	AGGACGGGATTGAAACAATC	101751	54081	54100	38.1	20	minus	20	20
AOIO01000049.1	GCA_002452815.1:DKFM01000024.1:1:crt7	32	23	1	3.0	TCGTCCGTGTCGATGTCGTACTC	TCGTCCGTGTCGATGTCGTAATC	101751	51128	51150	38.1	20	minus	22	22
AOIO01000049.1	GCA_003862155.1:QOUV01000009.1:1:crt32	36	28	6	3.0	TTGAGGACTGGGAAAGCGAGTTC	TTGAGGAGTGGGAAAGCGAGTTC	101751	73166	73188	38.1	20	minus	22	22
AOIO01000049.1	GCA_009785345.1:WQWL01000011.1:2:crt3	39	30	11	3.0	GCGAGCATCGAAATCGAACG	GCGAGCATCGAAATCGAACG	101751	76660	76679	38.1	20	minus	20	20
AOIO01000049.1	GCF_000018865.1:NC_010175.1:4:crt34	36	34	9	3.0	GAGGCCGCCGAGTTCCGCGATCCGTCG	GAGGCCGCCTAGTTCCGCG-TCCGTCG	101751	3519	3545	38.1	20	minus	25	25
AOIO01000049.1	GCF_000337835.1:NZ_AOLM01000008.1:1:crt1	44	3	28	3.0	GACGGCGAGGAGGTCGAACCGCT-CGA	GACGGCGAGGAGGT-GAACCGCTACGA	101751	88754	88779	38.1	20	plus	25	25
AOIO01000049.1	GCF_000720535.1:NZ_JOAZ01000041.1:1:crt14	32	31	7	3.0	AGCCGACGCTGGGGCCGCCGACATCGC	AGCCGACGCTGGG-CCGCCG-CATCGC	101751	94478	94504	38.1	20	minus	25	25
AOIO01000049.1	GCF_001042635.1:NZ_AP012331.1:2:crt24	51	12	47	3.0	GGGTGATCCGCCACGCTTCCCCGC-CCGTGT-CGGG	GGGTGATGCGCCACGCGTCCCCGCTCCATGTGCGGG	101751	62913	62946	38.1	20	plus	31	31
AOIO01000049.1	GCF_000011965.2:NC_003911.12:1:crt2	77	7	26	3.0	CGAAGCCGACGGCGGCGACG	CGAAGCCGACGGCGGCGACG	101751	86063	86082	38.1	20	plus	20	20
AOIO01000049.1	GCA_013378335.1:CP040556.1:1:crt6	38	14	36	3.0	ACTTGCTCACGTCTTTATCAGTA	ACTTGCTCACATCTTTATCAGTA	101751	22467	22489	38.1	20	plus	22	22
AOIO01000049.1	GCF_000423085.1:NZ_AUHH01000033.1:2:crt44	32	26	7	3.0	AGTTGCCCGAGCGCGTACGC	AGTTGCCCGAGCGCGTACGC	101751	11351	11370	38.1	20	minus	20	20
AOIO01000049.1	GCF_009877425.1:NZ_WXEY01000003.1:1:crt12	35	35	3	3.0	ATGAGGCCGGCAGCAGCCTTCCCACGCT-CGGA	ATGATGCCGGAAGCAGCCCTCCCACGCTACGGA	101751	33949	33980	38.1	20	minus	29	29
AOIO01000049.1	GCF_900111765.1:NZ_FOIB01000002.1:1:pilercr1	57	18	44	3.0	CGTCGAACAG-ATCGGTGCAGGTGGAG	CGTCGAACAGCATCGGTGCAGTTGGAG	101751	74781	74806	38.1	20	plus	25	25
AOIO01000049.1	3300013137_26:3300013137.a:Ga0172375_10005511:1:crt3	64	28	59	3.0	CGTCGTCGGGGTCGCCCTTCGG-CGCGTCGGCG	CGTCGTCGAGGTCGCC-GTCGGTCGCGTCGGCG	101751	17388	17419	38.1	20	plus	29	29
