	fasta	scaffold	gene_position	start_position	end_position	strandedness	rank	ko_id	kegg_hit	peptidase_id	peptidase_family	peptidase_hit	peptidase_RBH	peptidase_identity	peptidase_bitScore	peptidase_eVal	pfam_hits	cazy_ids	cazy_hits	cazy_subfam_ec	cazy_best_hit	heme_regulatory_motif_count
CP019329.1_CP019329.1_1	CP019329.1	CP019329.1	1	14	1288	-1	C	K07495	putative transposase								Transposase DDE domain [PF01609.24]					0
CP019329.1_CP019329.1_2	CP019329.1	CP019329.1	2	1332	2216	-1	C	K06930	HTH-type transcriptional regulator, bacterioopsin transcriptional activator and related proteins								GAF and HTH_10 associated domain [PF15915.8]; HTH DNA binding domain [PF04967.15]; GAF domain [PF01590.29]					0
CP019329.1_CP019329.1_3	CP019329.1	CP019329.1	3	2188	2679	-1	E															0
CP019329.1_CP019329.1_4	CP019329.1	CP019329.1	4	2749	3894	1	D										Alcohol dehydrogenase GroES-like domain [PF08240.15]; Zinc-binding dehydrogenase [PF00107.29]; Glucose dehydrogenase C-terminus [PF16912.8]; Alcohol dehydrogenase GroES-associated [PF13823.9]; Methyltransferase domain [PF13847.9]					0
CP019329.1_CP019329.1_5	CP019329.1	CP019329.1	5	4147	4281	-1	E															0
CP019329.1_CP019329.1_6	CP019329.1	CP019329.1	6	4340	5575	1	C	K07496	putative transposase								Putative transposase DNA-binding domain [PF07282.14]					0
CP019329.1_CP019329.1_7	CP019329.1	CP019329.1	7	5675	5908	1	E															0
CP019329.1_CP019329.1_8	CP019329.1	CP019329.1	8	5912	6361	1	D										HTH DNA binding domain [PF04967.15]; GAF and HTH_10 associated domain [PF15915.8]; Bacterial regulatory proteins, luxR family [PF00196.22]					0
CP019329.1_CP019329.1_9	CP019329.1	CP019329.1	9	6525	6746	1	E															0
CP019329.1_CP019329.1_10	CP019329.1	CP019329.1	10	6743	7798	1	C	K07495	putative transposase								Transposase DDE domain [PF01609.24]					0
CP019329.1_CP019329.1_11	CP019329.1	CP019329.1	11	7937	8629	-1	E															0
CP019329.1_CP019329.1_12	CP019329.1	CP019329.1	12	8950	9135	1	E															0
CP019329.1_CP019329.1_13	CP019329.1	CP019329.1	13	9191	9784	1	E															0
CP019329.1_CP019329.1_14	CP019329.1	CP019329.1	14	9795	9992	-1	E															0
CP019329.1_CP019329.1_15	CP019329.1	CP019329.1	15	10102	10782	-1	D										Family of unknown function (DUF6338) [PF19865.2]					0
CP019329.1_CP019329.1_16	CP019329.1	CP019329.1	16	10805	11050	-1	E															0
CP019329.1_CP019329.1_17	CP019329.1	CP019329.1	17	11127	11867	-1	E															0
CP019329.1_CP019329.1_18	CP019329.1	CP019329.1	18	12309	14054	-1	C	K07495	putative transposase								Transposase DDE domain [PF01609.24]; Transposase DDE domain group 1 [PF13701.9]					0
CP019329.1_CP019329.1_19	CP019329.1	CP019329.1	19	14183	15319	-1	E															0
CP019329.1_CP019329.1_20	CP019329.1	CP019329.1	20	15542	16021	1	D										HxlR-like helix-turn-helix [PF01638.20]					0
CP019329.1_CP019329.1_21	CP019329.1	CP019329.1	21	16123	16467	-1	E															0
CP019329.1_CP019329.1_22	CP019329.1	CP019329.1	22	16464	16868	-1	E															0
CP019329.1_CP019329.1_23	CP019329.1	CP019329.1	23	16953	18095	-1	D										Domain of unknown function DUF83 [PF01930.20]					0
CP019329.1_CP019329.1_24	CP019329.1	CP019329.1	24	18171	19178	-1	C	K10725	archaeal cell division control protein 6								AAA domain [PF13401.9]; Bacterial dnaA  protein [PF00308.21]; NACHT domain [PF05729.15]; NB-ARC domain [PF00931.25]					0
CP019329.1_CP019329.1_25	CP019329.1	CP019329.1	25	19356	20066	1	E															0
CP019329.1_CP019329.1_26	CP019329.1	CP019329.1	26	20109	22406	-1	D										Amino acid permease [PF13520.9]; Amino acid permease [PF00324.24]					0
CP019329.1_CP019329.1_27	CP019329.1	CP019329.1	27	22555	23298	-1	D										Winged helix-turn-helix transcription repressor, HrcA DNA-binding [PF03444.18]; Winged helix-turn-helix DNA-binding [PF13412.9]; TrkA-C domain [PF02080.24]					0
CP019329.1_CP019329.1_28	CP019329.1	CP019329.1	28	23543	23983	1	E															0
CP019329.1_CP019329.1_29	CP019329.1	CP019329.1	29	23998	24669	1	C	K03499	trk/ktr system potassium uptake protein								TrkA-N domain [PF02254.21]; TrkA-C domain [PF02080.24]					0
CP019329.1_CP019329.1_30	CP019329.1	CP019329.1	30	24666	26216	1	C	K03498	trk/ktr system potassium uptake protein								Cation transport protein [PF02386.19]					0
CP019329.1_CP019329.1_31	CP019329.1	CP019329.1	31	26935	28665	-1	C	K07495	putative transposase								Transposase DDE domain [PF01609.24]					0
CP019329.1_CP019329.1_32	CP019329.1	CP019329.1	32	28963	29511	1	E															0
CP019329.1_CP019329.1_33	CP019329.1	CP019329.1	33	30141	30614	1	E															0
CP019329.1_CP019329.1_34	CP019329.1	CP019329.1	34	30926	31588	1	C	K07152	protein SCO1								SCO1/SenC [PF02630.17]					0
CP019329.1_CP019329.1_35	CP019329.1	CP019329.1	35	31591	32127	1	D										Redoxin [PF08534.13]; AhpC/TSA family [PF00578.24]; Thioredoxin-like [PF13905.9]; Thioredoxin-like domain [PF13098.9]; Thioredoxin [PF00085.23]					0
CP019329.1_CP019329.1_36	CP019329.1	CP019329.1	36	32174	32848	1	D										Cytochrome C biogenesis protein transmembrane region [PF02683.18]					0
CP019329.1_CP019329.1_37	CP019329.1	CP019329.1	37	33202	33555	1	E															0
CP019329.1_CP019329.1_38	CP019329.1	CP019329.1	38	33741	36032	-1	D										haloacid dehalogenase-like hydrolase [PF00702.29]; E1-E2 ATPase [PF00122.23]					0
CP019329.1_CP019329.1_39	CP019329.1	CP019329.1	39	36286	37281	-1	C	K07052	CAAX protease family protein	MER0937126	M79	MER0937126 - family M79 unassigned peptidases (Natronococcus jeotgali) [M79.UPW]#M79#{peptidase unit: 79-229}~source L9XM09~	False	0.851	268.0	2.625e-78	Type II CAAX prenyl endopeptidase Rce1-like [PF02517.19]					0
CP019329.1_CP019329.1_40	CP019329.1	CP019329.1	40	37278	39671	-1	C	K01534	Zn2+/Cd2+-exporting ATPase [EC:7.2.2.12 7.2.2.21]								E1-E2 ATPase [PF00122.23]; haloacid dehalogenase-like hydrolase [PF00702.29]; Heavy-metal-associated domain [PF00403.29]					0
CP019329.1_CP019329.1_41	CP019329.1	CP019329.1	41	40031	41410	-1	E															0
CP019329.1_CP019329.1_42	CP019329.1	CP019329.1	42	41925	42839	-1	E															0
CP019329.1_CP019329.1_43	CP019329.1	CP019329.1	43	43011	43697	-1	C	K03709	DtxR family transcriptional regulator, Mn-dependent transcriptional regulator								Iron dependent repressor, metal binding and dimerisation domain [PF02742.18]; Iron dependent repressor, N-terminal DNA binding domain [PF01325.22]; FeoA domain [PF04023.17]; MarR family [PF01047.25]					0
CP019329.1_CP019329.1_44	CP019329.1	CP019329.1	44	44103	45098	-1	C	K03325	arsenite transporter								Sodium Bile acid symporter family [PF01758.19]					0
CP019329.1_CP019329.1_45	CP019329.1	CP019329.1	45	45747	47021	1	E															0
CP019329.1_CP019329.1_46	CP019329.1	CP019329.1	46	47053	47295	1	E															0
CP019329.1_CP019329.1_47	CP019329.1	CP019329.1	47	47467	47682	1	E															0
CP019329.1_CP019329.1_48	CP019329.1	CP019329.1	48	47940	51554	1	C	K07317	adenine-specific DNA-methyltransferase [EC:2.1.1.72]								N-6 DNA Methylase [PF02384.19]; Eco57I restriction-modification methylase [PF07669.14]; TaqI-like C-terminal specificity domain [PF12950.10]; MmeI, DNA-methyltransferase domain [PF20473.1]; Type I restriction enzyme R protein N terminus (HSDR_N) [PF13588.9]; MmeI, helicase spacer domain [PF20465.1]					0
CP019329.1_CP019329.1_49	CP019329.1	CP019329.1	49	51551	51700	1	E															0
CP019329.1_CP019329.1_50	CP019329.1	CP019329.1	50	51787	51939	1	E															0
CP019329.1_CP019329.1_51	CP019329.1	CP019329.1	51	51903	52073	-1	E															0
CP019329.1_CP019329.1_52	CP019329.1	CP019329.1	52	52152	52661	-1	E															0
CP019329.1_CP019329.1_53	CP019329.1	CP019329.1	53	52658	53533	-1	E															0
CP019329.1_CP019329.1_54	CP019329.1	CP019329.1	54	53641	55209	1	E															0
CP019329.1_CP019329.1_55	CP019329.1	CP019329.1	55	55617	56582	-1	D										MCM OB domain [PF17207.6]					0
CP019329.1_CP019329.1_56	CP019329.1	CP019329.1	56	56585	58252	-1	E															0
CP019329.1_CP019329.1_57	CP019329.1	CP019329.1	57	58353	60809	-1	E															0
CP019329.1_CP019329.1_58	CP019329.1	CP019329.1	58	60799	61143	-1	E															0
CP019329.1_CP019329.1_59	CP019329.1	CP019329.1	59	61145	61402	-1	E															0
CP019329.1_CP019329.1_60	CP019329.1	CP019329.1	60	61406	63415	-1	E															0
CP019329.1_CP019329.1_61	CP019329.1	CP019329.1	61	63418	64842	-1	E															0
CP019329.1_CP019329.1_62	CP019329.1	CP019329.1	62	64861	65859	-1	E															0
CP019329.1_CP019329.1_63	CP019329.1	CP019329.1	63	65909	66592	-1	E															0
CP019329.1_CP019329.1_64	CP019329.1	CP019329.1	64	66622	66879	-1	E															0
CP019329.1_CP019329.1_65	CP019329.1	CP019329.1	65	66926	67240	-1	E															0
CP019329.1_CP019329.1_66	CP019329.1	CP019329.1	66	67233	67559	-1	E															0
CP019329.1_CP019329.1_67	CP019329.1	CP019329.1	67	67556	68866	-1	E															0
CP019329.1_CP019329.1_68	CP019329.1	CP019329.1	68	68874	69128	-1	E															0
CP019329.1_CP019329.1_69	CP019329.1	CP019329.1	69	69234	69425	-1	E															0
CP019329.1_CP019329.1_70	CP019329.1	CP019329.1	70	69440	70201	-1	E															0
CP019329.1_CP019329.1_71	CP019329.1	CP019329.1	71	70246	70785	-1	E															0
CP019329.1_CP019329.1_72	CP019329.1	CP019329.1	72	70906	71967	-1	E															0
CP019329.1_CP019329.1_73	CP019329.1	CP019329.1	73	72150	73277	1	D										Glycosyl transferases group 1 [PF00534.23]; Glycosyl transferases group 1 [PF13692.9]; Glycosyl transferases group 1 [PF13524.9]	GT4	GT4 sucrose synthase (EC 2.4.1.13); sucrose-phosphate synthase (EC 2.4.1.14); alpha-glucosyltransferase (EC 2.4.1.52); lipopolysaccharide N-acetylglucosaminyltransferase (EC 2.4.1.56); phosphatidylinositol alpha-mannosyltransferase (EC 2.4.1.57); GDP-Man: Man1GlcNAc2-PP-dolichol alpha-1,3-mannosyltransferase (EC 2.4.1.132); GDP-Man: Man3GlcNAc2-PP-dolichol/Man4GlcNAc2-PP-dolichol alpha-1,2-mannosyltransferase (EC 2.4.1.131); digalactosyldiacylglycerol synthase (EC 2.4.1.141); 1,2-diacylglycerol 3-glucosyltransferase (EC 2.4.1.157); diglucosyl diacylglycerol synthase (EC 2.4.1.208); trehalose phosphorylase (EC 2.4.1.231); NDP-Glc: alpha-glucose alpha-glucosyltransferase / alpha,alpha-trehalose synthase (EC 2.4.1.245); GDP-Man: Man2GlcNAc2-PP-dolichol alpha-1,6-mannosyltransferase (EC 2.4.1.257); UDP-GlcNAc: 2-deoxystreptamine alpha-N-acetylglucosaminyltransferase (EC 2.4.1.283); UDP-GlcNAc: ribostamycin alpha-N-acetylglucosaminyltransferase (EC 2.4.1.285); UDP-Gal alpha-galactosyltransferase (EC 2.4.1.-); UDP-Xyl alpha-xylosyltransferase (EC 2.4.2.-); UDP-GlcA alpha-glucuronyltransferase (EC 2.4.1.-); UDP-Glc alpha-glucosyltransferase (EC 2.4.1.-); UDP-GalNAc: GalNAc-PP-Und alpha-1,3-N-acetylgalactosaminyltransferase (EC 2.4.1.306); UDP-GalNAc: N,N'-diacetylbacillosaminyl-PP-Und alpha-1,3-N-acetylgalactosaminyltransferase (EC 2.4.1.290); ADP-dependent alpha-maltose-1-phosphate synthase (2.4.1.342); [retaining] UDP-GlcNAc: polypeptide alpha-N-acetylglucosaminyltransferase (EC 2.4.1.-); UDP-GlcNAc: alpha-N-acetylglucosaminyltransferase (EC 2.4.1.-)	2.4.1.131,2.4.1.13,2.4.1.14,2.4.1.157,2.4.1.198,2.4.1.208,2.4.1.21,2.4.1.231,2.4.1.241,2.4.1.245,2.4.1.252,2.4.1.257,2.4.1.270,2.4.1.283,2.4.1.285,2.4.1.290,2.4.1.342,2.4.1.57,2.4.1.-,2.4.2.-,2.4.1.132	GT4.hmm	0
CP019329.1_CP019329.1_74	CP019329.1	CP019329.1	74	73303	74043	-1	E															0
CP019329.1_CP019329.1_75	CP019329.1	CP019329.1	75	74064	74828	-1	E															0
CP019329.1_CP019329.1_76	CP019329.1	CP019329.1	76	74830	76146	-1	D										Calcineurin-like phosphoesterase [PF00149.31]					0
CP019329.1_CP019329.1_77	CP019329.1	CP019329.1	77	76147	77346	-1	E															0
CP019329.1_CP019329.1_78	CP019329.1	CP019329.1	78	77351	78196	-1	E															0
CP019329.1_CP019329.1_79	CP019329.1	CP019329.1	79	78202	79713	-1	D			MER0196550	S08A	MER0196550 - subfamily S8A unassigned peptidases (Haloterrigena turkmenica) [S08.UPA]#S08A#{peptidase unit: 189-460}~source ADB63906~	False	0.54	280.0	1.295e-79	Subtilase family [PF00082.25]					0
CP019329.1_CP019329.1_80	CP019329.1	CP019329.1	80	79722	83168	-1	E															0
CP019329.1_CP019329.1_81	CP019329.1	CP019329.1	81	83175	83819	-1	E															0
CP019329.1_CP019329.1_82	CP019329.1	CP019329.1	82	84225	84467	-1	E															0
CP019329.1_CP019329.1_83	CP019329.1	CP019329.1	83	84642	85046	1	E															0
CP019329.1_CP019329.1_84	CP019329.1	CP019329.1	84	85033	85176	-1	E															0
CP019329.1_CP019329.1_85	CP019329.1	CP019329.1	85	85321	85719	-1	D										Homing endonuclease associated repeat [PF18780.4]					0
CP019329.1_CP019329.1_86	CP019329.1	CP019329.1	86	86086	86382	-1	D										Mrr N-terminal domain [PF14338.9]					0
CP019329.1_CP019329.1_87	CP019329.1	CP019329.1	87	86580	86846	1	E															0
CP019329.1_CP019329.1_88	CP019329.1	CP019329.1	88	86846	87601	1	E															0
CP019329.1_CP019329.1_89	CP019329.1	CP019329.1	89	87594	88295	1	C	K07496	putative transposase								Putative transposase DNA-binding domain [PF07282.14]					0
CP019329.1_CP019329.1_90	CP019329.1	CP019329.1	90	88459	89355	1	E															0
CP019329.1_CP019329.1_91	CP019329.1	CP019329.1	91	89923	90441	1	E															0
CP019329.1_CP019329.1_92	CP019329.1	CP019329.1	92	90577	90846	1	E															0
CP019329.1_CP019329.1_93	CP019329.1	CP019329.1	93	90856	91152	1	C	K06218	mRNA interferase RelE/StbE													0
CP019329.1_CP019329.1_94	CP019329.1	CP019329.1	94	91243	92298	1	D										AAA domain [PF13401.9]; Bacterial dnaA  protein [PF00308.21]					0
CP019329.1_CP019329.1_95	CP019329.1	CP019329.1	95	92549	96016	1	C	K07317	adenine-specific DNA-methyltransferase [EC:2.1.1.72]								N-6 DNA Methylase [PF02384.19]; Eco57I restriction-modification methylase [PF07669.14]; MmeI, DNA-methyltransferase domain [PF20473.1]; TaqI-like C-terminal specificity domain [PF12950.10]; MmeI, helicase spacer domain [PF20465.1]; Putative RNA methylase family UPF0020 [PF01170.21]; Type I restriction enzyme R protein N terminus (HSDR_N) [PF13588.9]					0
CP019329.1_CP019329.1_96	CP019329.1	CP019329.1	96	96152	96448	-1	D										Transcriptional regulator PadR-like family [PF03551.17]					0
CP019329.1_CP019329.1_97	CP019329.1	CP019329.1	97	96623	96721	1	E															0
CP019329.1_CP019329.1_98	CP019329.1	CP019329.1	98	97215	97895	1	C	K07076	uncharacterized protein								Polymerase beta, Nucleotidyltransferase [PF18765.4]; Nucleotidyltransferase domain [PF01909.26]					0
CP019329.1_CP019329.1_99	CP019329.1	CP019329.1	99	97888	98385	1	E															0
CP019329.1_CP019329.1_100	CP019329.1	CP019329.1	100	98590	98760	1	E															0
CP019329.1_CP019329.1_101	CP019329.1	CP019329.1	101	98891	99286	1	E															0
CP019329.1_CP019329.1_102	CP019329.1	CP019329.1	102	99279	100484	1	D										CoA-transferase family III [PF02515.20]					0
CP019329.1_CP019329.1_103	CP019329.1	CP019329.1	103	100484	101572	1	D										HMGL-like [PF00682.22]					0
CP019329.1_CP019329.1_104	CP019329.1	CP019329.1	104	101629	102108	-1	C	K01704	3-isopropylmalate/(R)-2-methylmalate dehydratase small subunit [EC:4.2.1.33 4.2.1.35]								Aconitase C-terminal domain [PF00694.22]					0
CP019329.1_CP019329.1_105	CP019329.1	CP019329.1	105	102110	103387	-1	C	K01703	3-isopropylmalate/(R)-2-methylmalate dehydratase large subunit [EC:4.2.1.33 4.2.1.35]								Aconitase family (aconitate hydratase) [PF00330.23]					0
CP019329.1_CP019329.1_106	CP019329.1	CP019329.1	106	103667	104749	1	D										NMT1/THI5 like [PF09084.14]; NMT1-like family [PF13379.9]					0
CP019329.1_CP019329.1_107	CP019329.1	CP019329.1	107	104752	105576	1	C	K02049	NitT/TauT family transport system ATP-binding protein								ABC transporter [PF00005.30]					0
CP019329.1_CP019329.1_108	CP019329.1	CP019329.1	108	105578	106378	1	C	K02050	NitT/TauT family transport system permease protein								Binding-protein-dependent transport system inner membrane component [PF00528.25]					0
CP019329.1_CP019329.1_109	CP019329.1	CP019329.1	109	106375	107175	1	C	K02050	NitT/TauT family transport system permease protein								Binding-protein-dependent transport system inner membrane component [PF00528.25]					0
CP019329.1_CP019329.1_110	CP019329.1	CP019329.1	110	107117	107242	-1	E															0
CP019329.1_CP019329.1_111	CP019329.1	CP019329.1	111	107386	108057	-1	D										HTH DNA binding domain [PF04967.15]					0
CP019329.1_CP019329.1_112	CP019329.1	CP019329.1	112	108090	108728	1	E															0
CP019329.1_CP019329.1_113	CP019329.1	CP019329.1	113	108660	109052	-1	D										PIN domain [PF01850.24]					0
CP019329.1_CP019329.1_114	CP019329.1	CP019329.1	114	109061	109330	-1	E															0
CP019329.1_CP019329.1_115	CP019329.1	CP019329.1	115	109952	110410	1	E															0
CP019329.1_CP019329.1_116	CP019329.1	CP019329.1	116	110388	110495	1	E															0
CP019329.1_CP019329.1_117	CP019329.1	CP019329.1	117	110588	111244	1	D										Protein of unknown function (DUF3800) [PF12686.10]					0
CP019329.1_CP019329.1_118	CP019329.1	CP019329.1	118	112205	112450	1	E															0
CP019329.1_CP019329.1_119	CP019329.1	CP019329.1	119	112463	112717	1	D										HicA toxin of bacterial toxin-antitoxin, [PF07927.15]					0
CP019329.1_CP019329.1_120	CP019329.1	CP019329.1	120	112906	113244	-1	E															0
CP019329.1_CP019329.1_121	CP019329.1	CP019329.1	121	113362	113748	1	C	K07451	5-methylcytosine-specific restriction enzyme A [EC:3.1.21.-]								HNH endonuclease [PF01844.26]					1
CP019329.1_CP019329.1_122	CP019329.1	CP019329.1	122	113774	114082	1	E															0
CP019329.1_CP019329.1_123	CP019329.1	CP019329.1	123	114422	114646	-1	E															0
CP019329.1_CP019329.1_124	CP019329.1	CP019329.1	124	114753	115043	-1	D										Ribonuclease R winged-helix domain [PF08461.13]; Transcriptional regulator PadR-like family [PF03551.17]; Winged helix-turn-helix [PF14947.9]; Ferric uptake regulator family [PF01475.22]					0
CP019329.1_CP019329.1_125	CP019329.1	CP019329.1	125	115272	115781	1	E															0
CP019329.1_CP019329.1_126	CP019329.1	CP019329.1	126	115778	115927	1	E															0
CP019329.1_CP019329.1_127	CP019329.1	CP019329.1	127	116078	119515	1	E															0
CP019329.1_CP019329.1_128	CP019329.1	CP019329.1	128	119512	120027	-1	E															0
CP019329.1_CP019329.1_129	CP019329.1	CP019329.1	129	120088	120222	-1	E															0
CP019329.1_CP019329.1_130	CP019329.1	CP019329.1	130	120492	120698	1	E															0
CP019329.1_CP019329.1_131	CP019329.1	CP019329.1	131	120700	121098	1	E															0
CP019329.1_CP019329.1_132	CP019329.1	CP019329.1	132	121216	121467	1	E															0
CP019329.1_CP019329.1_133	CP019329.1	CP019329.1	133	121464	122405	1	C	K04802	proliferating cell nuclear antigen								Proliferating cell nuclear antigen, C-terminal domain [PF02747.18]					0
CP019329.1_CP019329.1_134	CP019329.1	CP019329.1	134	122408	122737	1	E															0
CP019329.1_CP019329.1_135	CP019329.1	CP019329.1	135	122734	122994	1	E															0
CP019329.1_CP019329.1_136	CP019329.1	CP019329.1	136	122991	123452	1	E															0
CP019329.1_CP019329.1_137	CP019329.1	CP019329.1	137	123442	124014	1	E															0
CP019329.1_CP019329.1_138	CP019329.1	CP019329.1	138	124011	124394	1	E															0
CP019329.1_CP019329.1_139	CP019329.1	CP019329.1	139	124387	124635	1	E															0
CP019329.1_CP019329.1_140	CP019329.1	CP019329.1	140	124635	124853	1	E															0
CP019329.1_CP019329.1_141	CP019329.1	CP019329.1	141	124846	125433	1	E															0
CP019329.1_CP019329.1_142	CP019329.1	CP019329.1	142	125461	125556	-1	E															0
CP019329.1_CP019329.1_143	CP019329.1	CP019329.1	143	125607	125813	1	E															0
CP019329.1_CP019329.1_144	CP019329.1	CP019329.1	144	125806	126087	1	E															0
CP019329.1_CP019329.1_145	CP019329.1	CP019329.1	145	126087	126302	1	E															0
CP019329.1_CP019329.1_146	CP019329.1	CP019329.1	146	126295	126735	1	E															0
CP019329.1_CP019329.1_147	CP019329.1	CP019329.1	147	126732	127295	1	E															0
CP019329.1_CP019329.1_148	CP019329.1	CP019329.1	148	127292	127885	1	E															0
CP019329.1_CP019329.1_149	CP019329.1	CP019329.1	149	127866	128204	1	E															0
CP019329.1_CP019329.1_150	CP019329.1	CP019329.1	150	128201	128935	1	D										Family of unknown function (DUF6293) [PF19810.2]					0
CP019329.1_CP019329.1_151	CP019329.1	CP019329.1	151	128959	129399	-1	E															0
CP019329.1_CP019329.1_152	CP019329.1	CP019329.1	152	129523	131292	1	D										Helicase HerA, central domain [PF01935.20]					0
CP019329.1_CP019329.1_153	CP019329.1	CP019329.1	153	131481	134807	1	E															0
CP019329.1_CP019329.1_154	CP019329.1	CP019329.1	154	134802	136040	-1	C	K07496	putative transposase								Putative transposase DNA-binding domain [PF07282.14]; Probable transposase [PF01385.22]					0
CP019329.1_CP019329.1_155	CP019329.1	CP019329.1	155	136267	136989	-1	E															0
CP019329.1_CP019329.1_156	CP019329.1	CP019329.1	156	137161	138435	-1	C	K07496	putative transposase								Putative transposase DNA-binding domain [PF07282.14]					0
CP019329.1_CP019329.1_157	CP019329.1	CP019329.1	157	138432	138596	-1	E															0
CP019329.1_CP019329.1_158	CP019329.1	CP019329.1	158	138671	138787	1	E															0
CP019329.1_CP019329.1_159	CP019329.1	CP019329.1	159	138845	139120	1	C	K07491	REP-associated tyrosine transposase								Transposase IS200 like [PF01797.19]					0
CP019329.1_CP019329.1_160	CP019329.1	CP019329.1	160	139220	139609	1	C	K07451	5-methylcytosine-specific restriction enzyme A [EC:3.1.21.-]								HNH endonuclease [PF01844.26]					1
CP019329.1_CP019329.1_161	CP019329.1	CP019329.1	161	139792	141009	-1	C	K10725	archaeal cell division control protein 6								CDC6, C terminal winged helix domain [PF09079.14]; AAA domain [PF13401.9]; AAA ATPase domain [PF13191.9]					0
CP019329.1_CP019329.1_162	CP019329.1	CP019329.1	162	141530	141928	1	E															0
CP019329.1_CP019329.1_163	CP019329.1	CP019329.1	163	141925	142236	1	E															0
CP019329.1_CP019329.1_164	CP019329.1	CP019329.1	164	142233	142658	1	E															0
CP019329.1_CP019329.1_165	CP019329.1	CP019329.1	165	142655	143158	1	D										Transcription factor TFIIB repeat [PF00382.22]					0
CP019329.1_CP019329.1_166	CP019329.1	CP019329.1	166	143155	143562	1	E															0
CP019329.1_CP019329.1_167	CP019329.1	CP019329.1	167	143567	143830	1	E															0
CP019329.1_CP019329.1_168	CP019329.1	CP019329.1	168	143830	144372	1	E															0
CP019329.1_CP019329.1_169	CP019329.1	CP019329.1	169	144369	144974	1	E															0
CP019329.1_CP019329.1_170	CP019329.1	CP019329.1	170	145036	145539	-1	E															0
CP019329.1_CP019329.1_171	CP019329.1	CP019329.1	171	145539	146303	-1	E															0
CP019329.1_CP019329.1_172	CP019329.1	CP019329.1	172	146287	146805	-1	E															0
CP019329.1_CP019329.1_173	CP019329.1	CP019329.1	173	146841	147644	-1	E															0
CP019329.1_CP019329.1_174	CP019329.1	CP019329.1	174	147999	148955	-1	E															0
CP019329.1_CP019329.1_175	CP019329.1	CP019329.1	175	148952	150196	-1	C	K00558	DNA (cytosine-5)-methyltransferase 1 [EC:2.1.1.37]								C-5 cytosine-specific DNA methylase [PF00145.20]					0
CP019329.1_CP019329.1_176	CP019329.1	CP019329.1	176	150193	150876	-1	E															0
CP019329.1_CP019329.1_177	CP019329.1	CP019329.1	177	150873	151544	-1	E															0
CP019329.1_CP019329.1_178	CP019329.1	CP019329.1	178	151532	152254	-1	E															0
CP019329.1_CP019329.1_179	CP019329.1	CP019329.1	179	152257	152607	-1	E															0
CP019329.1_CP019329.1_180	CP019329.1	CP019329.1	180	152604	153032	-1	E															0
CP019329.1_CP019329.1_181	CP019329.1	CP019329.1	181	153135	153515	-1	E															0
CP019329.1_CP019329.1_182	CP019329.1	CP019329.1	182	153515	153973	-1	C	K23255	archaeal type IV pilus assembly protein PilA								Archaeal Type IV pilin, N-terminal [PF07790.14]					0
CP019329.1_CP019329.1_183	CP019329.1	CP019329.1	183	154308	154730	-1	E															0
CP019329.1_CP019329.1_184	CP019329.1	CP019329.1	184	154727	155575	-1	D										AAA domain [PF13614.9]					0
CP019329.1_CP019329.1_185	CP019329.1	CP019329.1	185	155789	155998	1	E															0
CP019329.1_CP019329.1_186	CP019329.1	CP019329.1	186	156139	156303	-1	E															0
CP019329.1_CP019329.1_187	CP019329.1	CP019329.1	187	156397	157818	-1	C	K07496	putative transposase								Putative transposase DNA-binding domain [PF07282.14]					0
CP019329.1_CP019329.1_188	CP019329.1	CP019329.1	188	157870	158133	1	E															0
CP019329.1_CP019329.1_189	CP019329.1	CP019329.1	189	158256	158606	-1	E															0
CP019329.1_CP019329.1_190	CP019329.1	CP019329.1	190	158738	159391	-1	E															0
CP019329.1_CP019329.1_191	CP019329.1	CP019329.1	191	159585	159872	1	E															0
CP019329.1_CP019329.1_192	CP019329.1	CP019329.1	192	159819	159986	-1	E															0
CP019329.1_CP019329.1_193	CP019329.1	CP019329.1	193	160069	160932	1	C	K23359	biuret amidohydrolase [EC:3.5.1.84]								Isochorismatase family [PF00857.23]					0
CP019329.1_CP019329.1_194	CP019329.1	CP019329.1	194	160933	162312	1	C	K01457	allophanate hydrolase [EC:3.5.1.54]								Amidase [PF01425.24]					0
CP019329.1_CP019329.1_195	CP019329.1	CP019329.1	195	163024	164394	-1	C	K10974	cytosine permease								Permease for cytosine/purines, uracil, thiamine, allantoin [PF02133.18]					1
CP019329.1_CP019329.1_196	CP019329.1	CP019329.1	196	164674	165096	-1	E															0
CP019329.1_CP019329.1_197	CP019329.1	CP019329.1	197	165093	165539	-1	E															0
CP019329.1_CP019329.1_198	CP019329.1	CP019329.1	198	165529	165876	-1	E															0
CP019329.1_CP019329.1_199	CP019329.1	CP019329.1	199	165869	166258	-1	E															0
CP019329.1_CP019329.1_200	CP019329.1	CP019329.1	200	166248	166754	-1	E															0
CP019329.1_CP019329.1_201	CP019329.1	CP019329.1	201	166751	166990	-1	E															0
CP019329.1_CP019329.1_202	CP019329.1	CP019329.1	202	166944	167831	-1	E															0
CP019329.1_CP019329.1_203	CP019329.1	CP019329.1	203	167821	168207	-1	E															0
CP019329.1_CP019329.1_204	CP019329.1	CP019329.1	204	168200	168574	-1	E															0
CP019329.1_CP019329.1_205	CP019329.1	CP019329.1	205	168567	169088	-1	E															0
CP019329.1_CP019329.1_206	CP019329.1	CP019329.1	206	169081	169830	-1	E															0
CP019329.1_CP019329.1_207	CP019329.1	CP019329.1	207	169830	170159	-1	E															0
CP019329.1_CP019329.1_208	CP019329.1	CP019329.1	208	170325	171605	-1	C	K07496	putative transposase								Putative transposase DNA-binding domain [PF07282.14]					0
CP019329.1_CP019329.1_209	CP019329.1	CP019329.1	209	171662	171802	1	E															0
CP019329.1_CP019329.1_210	CP019329.1	CP019329.1	210	171934	172125	-1	E															0
CP019329.1_CP019329.1_211	CP019329.1	CP019329.1	211	172122	172268	-1	E															0
CP019329.1_CP019329.1_212	CP019329.1	CP019329.1	212	172326	172754	1	E															0
CP019329.1_CP019329.1_213	CP019329.1	CP019329.1	213	173148	173534	1	E															0
CP019329.1_CP019329.1_214	CP019329.1	CP019329.1	214	173534	174070	1	E															0
CP019329.1_CP019329.1_215	CP019329.1	CP019329.1	215	174063	174665	1	E															0
CP019329.1_CP019329.1_216	CP019329.1	CP019329.1	216	174658	174882	1	E															0
CP019329.1_CP019329.1_217	CP019329.1	CP019329.1	217	175153	175539	1	E															0
CP019329.1_CP019329.1_218	CP019329.1	CP019329.1	218	175529	176425	1	C	K06223	DNA adenine methylase [EC:2.1.1.72]								D12 class N6 adenine-specific DNA methyltransferase [PF02086.18]					0
CP019329.1_CP019329.1_219	CP019329.1	CP019329.1	219	176426	177079	1	E															0
CP019329.1_CP019329.1_220	CP019329.1	CP019329.1	220	177076	177432	1	E															0
CP019329.1_CP019329.1_221	CP019329.1	CP019329.1	221	177429	177728	1	E															0
CP019329.1_CP019329.1_222	CP019329.1	CP019329.1	222	177728	178009	1	E															0
CP019329.1_CP019329.1_223	CP019329.1	CP019329.1	223	178014	179249	-1	C	K07496	putative transposase								Putative transposase DNA-binding domain [PF07282.14]					0
CP019329.1_CP019329.1_224	CP019329.1	CP019329.1	224	179246	179635	-1	C	K07491	REP-associated tyrosine transposase								Transposase IS200 like [PF01797.19]					0
CP019329.1_CP019329.1_225	CP019329.1	CP019329.1	225	179776	180336	1	D										Acetyltransferase (GNAT) family [PF00583.28]					0
CP019329.1_CP019329.1_226	CP019329.1	CP019329.1	226	180589	180780	1	E															0
